title,url
Claude Documentation, https://docs.anthropic.com/en/docs/claude-code/overview
Next.js Authentication Guide, https://nextjs.org/docs/pages/building-your-application/authentication
Next.js App Router Authentication Tutorial, https://nextjs.org/learn/dashboard-app/adding-authentication
Auth.js Official Documentation, https://authjs.dev/getting-started
NextAuth.js Documentation, https://next-auth.js.org
NextAuth.js Live Demo, https://next-auth-example.vercel.app/
Clerk Next.js Documentation, https://clerk.com/nextjs-authentication
Clerk Next.js Quickstart, https://clerk.com/docs/quickstarts/nextjs
Supabase Auth with Next.js App Router, https://supabase.com/docs/guides/auth/auth-helpers/nextjs
Auth0 Next.js Guide, https://auth0.com/blog/ultimate-guide-nextjs-authentication-auth0/
Comparing Auth Providers Analysis, https://blog.hyperknot.com/p/comparing-auth-providers
Next.js Auth Libraries 2025 Comparison, https://www.wisp.blog/blog/nextjs-auth-libraries-to-consider-in-2025
NextAuth Discord Provider, https://next-auth.js.org/providers/discord
NextAuth GitHub Provider, https://next-auth.js.org/providers/github
Auth.js Discord Provider, https://authjs.dev/getting-started/providers/discord
JWT Best Practices Next.js 15, https://www.wisp.blog/blog/best-practices-in-implementing-jwt-in-nextjs-15
Next.js Session Management Guide, https://clerk.com/blog/complete-guide-session-management-nextjs
GitHub Codespaces Port Forwarding Documentation, https://docs.github.com/en/codespaces/developing-in-a-codespace/forwarding-ports-in-your-codespace
GitHub Codespaces Environment Variables Guide, https://docs.github.com/en/codespaces/developing-in-a-codespace/persisting-environment-variables-and-temporary-files
GitHub Codespaces Port Forwarding Troubleshooting, https://docs.github.com/en/codespaces/troubleshooting/troubleshooting-port-forwarding-for-github-codespaces
GitHub Codespaces Restricting Port Visibility, https://docs.github.com/en/codespaces/managing-codespaces-for-your-organization/restricting-the-visibility-of-forwarded-ports
Next.js Auth.js Example Repository, https://github.com/nextauthjs/next-auth-example
Auth.js GitHub Provider Configuration, https://authjs.dev/guides/configuring-github
GitHub Codespaces OAuth Discussion, https://github.com/orgs/community/discussions/26423
Next.js Codespaces Template, https://github.com/github/codespaces-nextjs
Codespaces Port Forwarding Blog Guide, https://dev.to/github/share-your-locally-hosted-web-app-using-codespaces-276k
Nextron GitHub Repository, https://github.com/saltyshiomix/nextron
Building Electron App with Next.js DoltHub Guide, https://www.dolthub.com/blog/2024-09-11-building-an-electron-app-with-nextjs/
StronglyTyped Electron Next.js Guide, https://stronglytyped.uk/articles/building-publishing-desktop-applications-electron-nextjs
LogRocket Next.js Electron Tutorial, https://blog.logrocket.com/building-app-next-js-electron/
Electron Builder Documentation, https://www.electron.build/index.html
Next.js Electron with Server Components, https://www.saybackend.com/blog/03-electron-nextjs-ssr/
Electron Performance Optimization Guide, https://www.electronjs.org/docs/latest/tutorial/performance
NextAuth Electron Discussion, https://github.com/nextauthjs/next-auth/discussions/6553
Auth0 Electron Authentication Guide, https://auth0.com/blog/securing-electron-applications-with-openid-connect-and-oauth-2/
RxDB Electron Database Guide, https://rxdb.info/electron-database.html
Better SQLite3 Electron Integration, https://dev.to/arindam1997007/a-step-by-step-guide-to-integrating-better-sqlite3-with-electron-js-app-using-create-react-app-3k16
Electron Multi-Platform Build Guide, https://www.electron.build/multi-platform-build.html
Electron Hot Reload GeeksforGeeks, https://www.geeksforgeeks.org/hot-reload-in-electronjs/
Next.js Electron Boilerplate Guide, https://nextjsstarter.com/blog/electron-nextjs-boilerplate-a-developers-guide-to-efficiency/
Next.js Electron with SSR Template, https://github.com/spa5k/nextjs_approuter_electron
Ultimate Electron Next.js RSC Guide, https://dev.to/kirillkonshin/the-ultimate-electron-app-with-nextjs-and-react-server-components-1b7g
Electron Cross-Platform Tutorial, https://www.digitalocean.com/community/tutorials/how-to-create-your-first-cross-platform-desktop-application-with-electron-on-macos
Next.js Performance Optimization 2025, https://blazity.com/the-expert-guide-to-nextjs-performance-optimization
Electron Development Challenges 2024, https://www.danielcorin.com/posts/2024/challenges-building-an-electron-app/
